,words
0,abase
1,abash
2,abate
3,abbreviate
4,abdicate
5,aberrant
6,aberration
7,abet
8,abeyance
9,abhor
10,abide
11,abject
12,abjure
13,ablution
14,abnegation
15,abode
16,abolish
17,abominable
18,abominate
19,aboriginal
20,abortive
21,abrasive
22,abridge
23,abrogate
24,abscission
25,abscond
26,absolute
27,absolve
28,abstain
29,abstemious
30,abstinence
31,abstract
32,abstruse
33,abusive
34,abut
35,abysmal
36,abyss
37,academic
38,accede
39,accelerate
40,accessible
41,accessory
42,acclaim
43,acclimate
44,acclivity
45,accolade
46,accommodate
47,accomplice
48,accord
49,accost
50,accoutre
51,accretion
52,accrue
53,acerbity
54,acetic
55,acidulous
56,acknowledge
57,acme
58,acne
59,acoustics
60,acquiesce
61,acquittal
62,acrid
63,acrimonious
64,acrophobia
65,actuarial
66,actuary
67,actuate
68,acuity
69,acumen
70,acute
71,adage
72,adamant
73,adapt
74,addendum
75,addiction
76,addle
77,address
78,adept
79,adhere
80,adherent
81,adjacent
82,adjoin
83,adjourn
84,adjunct
85,adjuration
86,adjutant
87,admonish
88,adore
89,adorn
90,adroit
91,adulation
92,adulterate
93,Advent
94,adventitious
95,adversary
96,adverse
97,adversity
98,advert
99,advocacy
100,advocate
101,aegis
102,aesthetic
103,affable
104,affected
105,affidavit
106,affiliation
107,affinity
108,affirmation
109,affliction
110,affluence
111,affront
112,afterlife
113,agape
114,agenda
115,agglomeration
116,aggrandize
117,aggregate
118,aghast
119,agility
120,agitate
121,agnostic
122,agog
123,agrarian
124,airy
125,alacrity
126,alchemy
127,alcove
128,alias
129,alienate
130,alimentary
131,alimony
132,allay
133,allege
134,allegiance
135,allegory
136,alleviate
137,alliteration
138,allocate
139,alloy
140,allude
141,allure
142,alluvial
143,alms
144,aloft
145,aloof
146,altercation
147,altruistic
148,amalgam
149,amalgamate
150,amass
151,amazon
152,ambidextrous
153,ambience
154,ambiguous
155,ambivalence
156,amble
157,ambrosia
158,ambulatory
159,ambush
160,ameliorate
161,amenable
162,amend
163,amenities
164,amiable
165,amicable
166,amiss
167,amity
168,amnesia
169,amnesty
170,amorous
171,amorphous
172,amphibian
173,amphitheater
174,ample
175,amplify
176,amputate
177,amulet
178,anachronism
179,analgesia
180,analgesic
181,analogous
182,analogy
183,anarchist
184,anarchy
185,anathema
186,ancestry
187,anchor
188,ancillary
189,anecdote
190,anemia
191,anesthetic
192,anguish
193,angular
194,animadversion
195,animated
196,animosity
197,animus
198,annals
199,anneal
200,annex
201,annihilate
202,annotate
203,annuity
204,annul
205,anodyne
206,anoint
207,anomalous
208,anomaly
209,anonymity
210,antagonism
211,antecede
212,antediluvian
213,anthem
214,anthology
215,anthropoid
216,anthropologist
217,anthropomorphic
218,anticlimax
219,antidote
220,antipathy
221,antiquated
222,antique
223,antiquity
224,antiseptic
225,antithesis
226,antler
227,anvil
228,apathy
229,ape
230,aperture
231,apex
232,aphasia
233,aphorism
234,apiarist
235,apiary
236,apiculture
237,aplomb
238,apocalyptic
239,apocryphal
240,apogee
241,apolitical
242,apologist
243,apoplexy
244,apostate
245,apothecary
246,apotheosis
247,appall
248,apparent
249,apparition
250,appease
251,appellation
252,append
253,application
254,apposite
255,appraise
256,appreciate
257,apprehend
258,apprehensive
259,apprise
260,approbation
261,appropriate
262,apropos
263,aptitude
264,aquiline
265,arable
266,arbiter
267,arbitrary
268,arbitrate
269,arboreal
270,arboretum
271,arcade
272,arcane
273,archaeology
274,archaic
275,archetype
276,archipelago
277,archives
278,ardor
279,arduous
280,argot
281,aria
282,arid
283,aristocracy
284,armada
285,aromatic
286,arraign
287,array
288,arrears
289,arrhythmic
290,arrogance
291,arroyo
292,arsenal
293,artery
294,artful
295,articulate
296,artifice
297,artisan
298,artless
299,ascendancy
300,ascertain
301,ascetic
302,ascribe
303,aseptic
304,ashen
305,asinine
306,askance
307,askew
308,asperity
309,aspersion
310,aspirant
311,aspire
312,assail
313,assay
314,assent
315,assert
316,assiduous
317,assimilate
318,assuage
319,assumption
320,assurance
321,asteroid
322,astigmatism
323,astral
324,astringent
325,astronomical
326,astute
327,asunder
328,asylum
329,asymmetric
330,atavism
331,atheistic
332,atone
333,atrocity
334,atrophy
335,attentive
336,attenuate
337,attest
338,attire
339,attribute
340,attrition
341,atypical
342,audacious
343,audit
344,augment
345,augury
346,august
347,aureole
348,auroral
349,auspicious
350,austere
351,authenticate
352,authoritarian
353,authoritative
354,autocratic
355,automaton
356,autonomous
357,autopsy
358,auxiliary
359,avalanche
360,avarice
361,avenge
362,aver
363,averse
364,aversion
365,avert
366,aviary
367,avid
368,avocation
369,avow
370,avuncular
371,awe
372,awful
373,awl
374,awry
375,axiom
376,azure
377,babble
378,bacchanal
379,bacchanalia
380,bacchanalian
381,backslide
382,backwards
383,badger
384,badinage
385,baffle
386,bait
387,baleful
388,balk
389,ballast
390,balm
391,balmy
392,banal
393,bandy
394,bane
395,bank
396,bantering
397,bar
398,barb
399,bard
400,barefaced
401,bargain
402,baroque
403,barrage
404,barrister
405,barterer
406,base
407,bask
408,bastard
409,bastion
410,bate
411,battalion
412,bauble
413,bawdy
414,bearing
415,beatific
416,beatitude
417,bedizen
418,bedraggle
419,beeline
420,befuddle
421,beget
422,begrudge
423,beguile
424,behemoth
425,beholden
426,belabor
427,belated
428,beleaguer
429,belie
430,belittle
431,bellicose
432,belligerent
433,bemoan
434,bemused
435,benediction
436,benefactor
437,beneficent
438,beneficial
439,beneficiary
440,benefit
441,benevolent
442,benign
443,benison
444,bent
445,bequeath
446,berate
447,bereaved
448,bereavement
449,bereft
450,berserk
451,beseech
452,beset
453,besiege
454,besmirch
455,bestial
456,bestow
457,betoken
458,betray
459,betroth
460,bevy
461,beware
462,bewitch
463,bicameral
464,bicker
465,bid
466,biennial
467,bifurcated
468,bigot
469,bigotry
470,bilious
471,bilk
472,billow
473,billowing
474,biting
475,bitter
476,bivouac
477,bizarre
478,blackball
479,blanch
480,bland
481,blandishment
482,blare
483,blase
484,blasphemy
485,blatant
486,bleak
487,blemish
488,blight
489,blighted
490,bliss
491,blotch
492,blowhard
493,bludgeon
494,blue
495,blues
496,bluff
497,blunder
498,blunt
499,blurt
500,blush
501,bluster
502,bode
503,bog
504,bogus
505,Bohemian
506,boisterous
507,bolster
508,bolt
509,bombardment
510,bombast
511,bombastic
512,bookish
513,boon
514,boor
515,boorish
516,boost
517,botch
518,bouillon
519,bound
520,bountiful
521,bourgeois
522,bout
523,bovine
524,bowdlerize
525,brackish
526,brag
527,braggadocio
528,braggart
529,braid
530,brand
531,brandish
532,bravado
533,brave
534,brawl
535,brawn
536,brawny
537,brazen
538,breach
539,breadth
540,breed
541,brevity
542,bridle
543,brim
544,brindled
545,brink
546,brisk
547,bristle
548,brittle
549,broach
550,brocade
551,brochure
552,broil
553,bromide
554,brooch
555,brood
556,brook
557,browbeat
558,browse
559,bruise
560,brunt
561,brusque
562,buccaneer
563,bucolic
564,buffet
565,buffoon
566,buffoonery
567,bugaboo
568,bulge
569,bulk
570,bullion
571,bully
572,bulwark
573,bump
574,bungle
575,buoyant
576,bureaucracy
577,burgeon
578,burlesque
579,burnish
580,bust
581,buttress
582,buxom
583,cabal
584,cache
585,cacophonous
586,cadaver
587,cadaverous
588,cadence
589,cadet
590,cajole
591,calamity
592,calculated
593,caliber
594,calligraphy
595,callous
596,callow
597,callus
598,calorific
599,calumny
600,camaraderie
601,cameo
602,camp
603,canard
604,candor
605,canine
606,canker
607,canny
608,cant
609,cantankerous
610,cantata
611,canter
612,canto
613,canvass
614,capacious
615,capacity
616,capillary
617,capitulate
618,caprice
619,capricious
620,capsize
621,caption
622,captious
623,carafe
624,carapace
625,carcinogenic
626,cardinal
627,cardiologist
628,careen
629,career
630,carefree
631,caricature
632,carillon
633,carnage
634,carnal
635,carnivorous
636,carousal
637,carping
638,carrion
639,cartographer
640,cascade
641,caste
642,castigation
643,castrate
644,casual
645,casualty
646,cataclysm
647,catalyst
648,catapult
649,cataract
650,catastrophe
651,catcall
652,catechism
653,categorical
654,cater
655,catharsis
656,cathartic
657,catholic
658,caucus
659,causal
660,caustic
661,cauterize
662,cavalcade
663,cavalier
664,cavil
665,cede
666,celerity
667,celestial
668,celibate
669,cemetery
670,censor
671,censorious
672,censure
673,centaur
674,centigrade
675,centrifugal
676,centrifuge
677,centripetal
678,centurion
679,cerebral
680,cerebration
681,ceremonious
682,certitude
683,cessation
684,cession
685,chafe
686,chaff
687,chagrin
688,chalice
689,chameleon
690,champion
691,championship
692,chancellor
693,chant
694,chaotic
695,chapel
696,chaperon
697,chaplain
698,char
699,charisma
700,charlatan
701,charm
702,chary
703,chase
704,chasm
705,chassis
706,chaste
707,chasten
708,chastise
709,chauvinist
710,check
711,cherubic
712,chicanery
713,chide
714,chimerical
715,chip
716,chisel
717,chivalrous
718,choice
719,choir
720,choleric
721,chore
722,choreography
723,chortle
724,chorus
725,chronic
726,chronicle
727,chuckle
728,churlish
729,ciliated
730,cipher
731,circlet
732,circuit
733,circuitous
734,circumlocution
735,circumscribe
736,circumspect
737,circumvent
738,cistern
739,citadel
740,cite
741,civil
742,clairvoyant
743,clamber
744,clamor
745,clandestine
746,clangor
747,clap
748,clapper
749,clarion
750,clasp
751,claustrophobia
752,clavicle
753,cleave
754,cleft
755,clemency
756,clientele
757,climactic
758,clime
759,clip
760,clipper
761,clique
762,cloister
763,clot
764,clout
765,clown
766,cloying
767,coagulate
768,coalesce
769,coalition
770,coax
771,coda
772,coddle
773,codicil
774,codify
775,coercion
776,coeval
777,cog
778,cogent
779,cogitate
780,cognate
781,cognitive
782,cognizance
783,cohabit
784,cohere
785,cohesion
786,coiffure
787,coin
788,coincidence
789,colander
790,collaborate
791,collage
792,collate
793,collateral
794,collation
795,collected
796,colloquial
797,colloquy
798,collusion
799,colossal
800,colossus
801,coma
802,comatose
803,combustible
804,comeback
805,comely
806,comestible
807,comeuppance
808,comity
809,commandeer
810,commemorate
811,commemorative
812,commensurate
813,commiserate
814,commodious
815,commonplace
816,commonwealth
817,communal
818,commune
819,compact
820,compartment
821,compassion
822,compatible
823,compelling
824,compendium
825,compilation
826,compile
827,complacency
828,complaisant
829,complement
830,complementary
831,compliance
832,compliant
833,complicity
834,component
835,comport
836,compost
837,composure
838,compound
839,comprehend
840,comprehensive
841,compress
842,comprise
843,compromise
844,compulsion
845,compulsive
846,compulsory
847,compunction
848,compute
849,concatenate
850,concave
851,concede
852,conceit
853,concentric
854,conception
855,concerted
856,concession
857,conciliatory
858,concise
859,conclave
860,conclusive
861,concoct
862,concomitant
863,concord
864,concordat
865,concur
866,concurrent
867,condescend
868,condign
869,condole
870,condone
871,conducive
872,conduit
873,confide
874,confidence
875,confidential
876,confine
877,confiscate
878,conflagration
879,confluence
880,conformist
881,conformity
882,confound
883,congeal
884,congenial
885,congenital
886,conglomerate
887,conglomeration
888,congruence
889,congruent
890,conifer
891,conjecture
892,conjugal
893,conjure
894,connivance
895,connoisseur
896,connotation
897,connubial
898,consanguinity
899,conscientious
900,conscript
901,consecrate
902,consensus
903,consequential
904,consign
905,consistency
906,console
907,consolidation
908,consonance
909,consonant
910,consort
911,conspiracy
912,conspire
913,consternation
914,constituency
915,constituent
916,constitution
917,constraint
918,construe
919,consummate
920,contagion
921,contaminate
922,contempt
923,contend
924,contention
925,contentious
926,contest
927,context
928,contiguous
929,continence
930,contingent
931,contraband
932,contravene
933,contrite
934,contrivance
935,contrive
936,contrived
937,controvert
938,contumacious
939,contusion
940,conundrum
941,convene
942,convention
943,conventional
944,converge
945,conversant
946,converse
947,convert
948,convex
949,conveyance
950,conviction
951,convivial
952,convoke
953,convoluted
954,convulsion
955,copious
956,coquette
957,cordial
958,cordon
959,cornice
960,cornucopia
961,corollary
962,coroner
963,corporeal
964,corpulent
965,corpus
966,corpuscle
967,correlate
968,correlation
969,corroborate
970,corrode
971,corrosive
972,corrugated
973,cosmic
974,coterie
975,countenance
976,countermand
977,counterpart
978,coup
979,couple
980,courier
981,court
982,covenant
983,covert
984,covetous
985,cow
986,cower
987,coy
988,cozen
989,crabbed
990,craft
991,crass
992,crave
993,craven
994,credence
995,credential
996,credo
997,credulity
998,creed
999,creep
1000,cremate
1001,crescendo
1002,crest
1003,crestfallen
1004,crevice
1005,cringe
1006,crinkle
1007,crochet
1008,crone
1009,cross
1010,crossbreed
1011,crotchety
1012,crust
1013,crux
1014,crypt
1015,cryptic
1016,cubicle
1017,cue
1018,cuisine
1019,culinary
1020,cull
1021,culmination
1022,culpable
1023,culprit
1024,culvert
1025,cumbersome
1026,cumulative
1027,cunning
1028,cupidity
1029,curator
1030,curb
1031,curfew
1032,curmudgeon
1033,cursive
1034,cursory
1035,curtail
1036,cynical
1037,cynosure
1038,dabble
1039,dainty
1040,dais
1041,dally
1042,damn
1043,dank
1044,dapper
1045,dappled
1046,dart
1047,daub
1048,daunt
1049,dauntless
1050,dawdle
1051,daze
1052,dazzle
1053,deadlock
1054,deadpan
1055,dearth
1056,debacle
1057,debar
1058,debase
1059,debauch
1060,debilitate
1061,debonair
1062,debris
1063,debunk
1064,debut
1065,debutante
1066,decadence
1067,decant
1068,decapitate
1069,decelerate
1070,deciduous
1071,decimate
1072,decipher
1073,declivity
1074,decollete
1075,decomposition
1076,decorous
1077,decorum
1078,decoy
1079,decree
1080,decrepit
1081,decrepitude
1082,decry
1083,deducible
1084,deface
1085,defalcate
1086,defame
1087,default
1088,defeatist
1089,defect
1090,defection
1091,defer
1092,deference
1093,defiance
1094,defile
1095,definitive
1096,deflect
1097,defoliate
1098,defray
1099,defrock
1100,deft
1101,defunct
1102,degenerate
1103,degradation
1104,dehydrate
1105,deify
1106,deign
1107,delete
1108,deleterious
1109,deliberate
1110,delineate
1111,delirium
1112,delta
1113,delude
1114,deluge
1115,delusion
1116,delusive
1117,delve
1118,demagogue
1119,demean
1120,demeanor
1121,demented
1122,demerit
1123,demise
1124,demographic
1125,demolition
1126,demotic
1127,demur
1128,demure
1129,denigrate
1130,denizen
1131,denomination
1132,denotation
1133,denouement
1134,denounce
1135,depict
1136,deplete
1137,deplore
1138,deploy
1139,deport
1140,depose
1141,deposition
1142,depravity
1143,deprecate
1144,depreciate
1145,depredation
1146,deputize
1147,deranged
1148,derelict
1149,dereliction
1150,deride
1151,derision
1152,derivation
1153,derivative
1154,dermatologist
1155,derogatory
1156,descry
1157,desecrate
1158,deserts
1159,desiccate
1160,desolate
1161,desperado
1162,desperate
1163,despise
1164,despoil
1165,despondent
1166,despot
1167,destitute
1168,desultory
1169,detached
1170,detain
1171,determinate
1172,determination
1173,deterrent
1174,detonation
1175,detraction
1176,detrimental
1177,deviate
1178,devious
1179,devise
1180,devoid
1181,devolve
1182,devotee
1183,devout
1184,dexterous
1185,diabolical
1186,diadem
1187,dialectical
1188,diaphanous
1189,diatribe
1190,dichotomy
1191,dictum
1192,didactic
1193,die
1194,diffidence
1195,diffuse
1196,dignitary
1197,digression
1198,dilapidated
1199,dilate
1200,dilatory
1201,dilemma
1202,dilettante
1203,diligence
1204,dilute
1205,diminution
1206,din
1207,dinghy
1208,dingy
1209,dint
1210,diorama
1211,dire
1212,dirge
1213,disabuse
1214,disaffected
1215,disapprobation
1216,disarray
1217,disavowal
1218,disband
1219,disbar
1220,disburse
1221,discernible
1222,discerning
1223,disclaim
1224,disclose
1225,discombobulated
1226,discomfit
1227,discompose
1228,disconcert
1229,disconsolate
1230,discord
1231,discordant
1232,discount
1233,discourse
1234,discredit
1235,discrepancy
1236,discrete
1237,discretion
1238,discriminate
1239,discriminating
1240,discursive
1241,disdain
1242,disembark
1243,disenfranchise
1244,disengage
1245,disfigure
1246,disgorge
1247,disgruntle
1248,dishearten
1249,disheveled
1250,dishonor
1251,disinclination
1252,disingenuous
1253,disinter
1254,disinterested
1255,disjointed
1256,disjunction
1257,dislodge
1258,dismantle
1259,dismember
1260,dismiss
1261,disparage
1262,disparate
1263,disparity
1264,dispassionate
1265,dispatch
1266,dispel
1267,dispense
1268,disperse
1269,dispirited
1270,disport
1271,disproportion
1272,disputatious
1273,disquietude
1274,disquisition
1275,dissection
1276,dissemble
1277,disseminate
1278,dissension
1279,dissent
1280,dissertation
1281,dissident
1282,dissimulate
1283,dissipate
1284,dissolution
1285,dissonance
1286,dissuade
1287,distant
1288,distend
1289,distill
1290,distinct
1291,distinction
1292,distinctive
1293,distort
1294,distract
1295,distrait
1296,distraught
1297,diurnal
1298,diva
1299,diverge
1300,diverse
1301,diversion
1302,divest
1303,divine
1304,divulge
1305,docile
1306,docket
1307,doctrinaire
1308,doctrine
1309,document
1310,doddering
1311,doff
1312,dogged
1313,doggerel
1314,dogmatic
1315,doldrums
1316,dolorous
1317,dolt
1318,domicile
1319,dominant
1320,dominate
1321,domineer
1322,don
1323,doom
1324,dormant
1325,dormer
1326,dorsal
1327,dossier
1328,dotage
1329,dote
1330,dour
1331,douse
1332,dowdy
1333,downcast
1334,dowry
1335,dowse
1336,doze
1337,drab
1338,draconian
1339,draft
1340,drama
1341,drastic
1342,draught
1343,draw
1344,dregs
1345,dribble
1346,drip
1347,drivel
1348,droll
1349,drone
1350,droop
1351,dross
1352,drudge
1353,drudgery
1354,dubious
1355,ductile
1356,dulcet
1357,dull
1358,dummy
1359,dupe
1360,duplicity
1361,duration
1362,duress
1363,dwindle
1364,dynamic
1365,dynamo
1366,dysentery
1367,dyslexia
1368,dyspeptic
1369,earmark
1370,earn
1371,earthly
1372,earthy
1373,ebb
1374,ebullient
1375,eccentric
1376,eccentricity
1377,ecclesiastic
1378,eclectic
1379,eclipse
1380,ecliptic
1381,ecologist
1382,economy
1383,ecosystem
1384,ecstasy
1385,eddy
1386,edict
1387,edifice
1388,edify
1389,eerie
1390,efface
1391,effective
1392,effectual
1393,effectuate
1394,effeminate
1395,effervescence
1396,effete
1397,efficacy
1398,effigy
1399,effluvium
1400,effrontery
1401,effulgent
1402,effusion
1403,ego
1404,egoism
1405,egotism
1406,egotistical
1407,egregious
1408,egress
1409,ejaculation
1410,elaborate
1411,elaboration
1412,elastic
1413,elated
1414,elegy
1415,elevation
1416,elicit
1417,elixir
1418,ellipsis
1419,elliptical
1420,elope
1421,eloquence
1422,elucidate
1423,elusive
1424,elysian
1425,Elysium
1426,emaciated
1427,emanate
1428,emancipate
1429,emasculate
1430,embargo
1431,embark
1432,embellish
1433,embezzlement
1434,embitter
1435,emblazon
1436,embody
1437,emboss
1438,embrace
1439,embroider
1440,embroil
1441,embryonic
1442,emend
1443,emetic
1444,eminent
1445,emissary
1446,emollient
1447,emolument
1448,empathy
1449,empirical
1450,emulate
1451,enact
1452,enamored
1453,encipher
1454,encircle
1455,enclave
1456,encomiastic
1457,encompass
1458,encroachment
1459,encumber
1460,endear
1461,endearment
1462,endemic
1463,endorse
1464,endue
1465,enduring
1466,energize
1467,enervate
1468,enfranchise
1469,engage
1470,engaged
1471,engaging
1472,engender
1473,engross
1474,engulf
1475,enhance
1476,enigma
1477,enjoin
1478,enlist
1479,enliven
1480,enmity
1481,ennui
1482,enormity
1483,enrapture
1484,ensconce
1485,ensue
1486,entail
1487,enterprise
1488,enterprising
1489,enthrall
1490,entice
1491,entity
1492,entomology
1493,entourage
1494,entrance
1495,entreat
1496,entrepreneur
1497,enumerate
1498,enunciate
1499,environ
1500,ephemeral
1501,epic
1502,epicure
1503,epicurean
1504,epigram
1505,epilogue
1506,episodic
1507,epistemologist
1508,epitaph
1509,epithet
1510,epitome
1511,epoch
1512,equable
1513,equanimity
1514,equestrian
1515,equilibrium
1516,equine
1517,equinox
1518,equipoise
1519,equitable
1520,equity
1521,equivocal
1522,equivocate
1523,erode
1524,erotic
1525,errant
1526,erratic
1527,erroneous
1528,erudite
1529,escapade
1530,eschew
1531,esoteric
1532,espionage
1533,espouse
1534,esteem
1535,estimable
1536,estranged
1537,ethereal
1538,ethnic
1539,ethnology
1540,ethos
1541,etymology
1542,eugenic
1543,eulogistic
1544,eulogy
1545,euphemism
1546,euphony
1547,euphoria
1548,euthanasia
1549,evanescent
1550,evasive
1551,evenhanded
1552,eventual
1553,evince
1554,evocative
1555,evoke
1556,ewe
1557,exacerbate
1558,exact
1559,exacting
1560,exalt
1561,exasperate
1562,except
1563,exceptionable
1564,excerpt
1565,exchequer
1566,excise
1567,exclaim
1568,excoriate
1569,exculpate
1570,execrable
1571,execrate
1572,execute
1573,executioner
1574,executive
1575,executor
1576,exegesis
1577,exemplary
1578,exemplify
1579,exempt
1580,exertion
1581,exhale
1582,exhilarating
1583,exhort
1584,exhume
1585,exigency
1586,exiguous
1587,existential
1588,exodus
1589,exonerate
1590,exorbitant
1591,exorcise
1592,exotic
1593,expansive
1594,expatiate
1595,expatriate
1596,expedient
1597,expedite
1598,expeditious
1599,expenditure
1600,expertise
1601,expiate
1602,expletive
1603,explicate
1604,explicit
1605,exploit
1606,expository
1607,expostulation
1608,exposure
1609,expound
1610,expropriate
1611,expunge
1612,expurgate
1613,exquisite
1614,extant
1615,extemporaneous
1616,extenuate
1617,extirpate
1618,extol
1619,extort
1620,extradition
1621,extraneous
1622,extrapolation
1623,extricate
1624,extrinsic
1625,extrovert
1626,extrude
1627,exuberance
1628,exude
1629,exult
1630,fabricate
1631,facet
1632,facetious
1633,facile
1634,facilitate
1635,facsimile
1636,faction
1637,factious
1638,factitious
1639,factotum
1640,faculty
1641,fake
1642,fallacious
1643,fallible
1644,fallow
1645,falsify
1646,falter
1647,fanaticism
1648,fancied
1649,fancier
1650,fanciful
1651,fancy
1652,fanfare
1653,farce
1654,fashion
1655,fastidious
1656,fatalism
1657,fathom
1658,fatuous
1659,fauna
1660,favoritism
1661,fawning
1662,faze
1663,feasible
1664,feature
1665,febrile
1666,fecundity
1667,feebleminded
1668,feign
1669,feint
1670,felicitous
1671,felicity
1672,feline
1673,fell
1674,felon
1675,feral
1676,ferment
1677,fermentation
1678,ferocious
1679,ferret
1680,fertile
1681,fervent
1682,fervid
1683,fervor
1684,fester
1685,festive
1686,fetter
1687,feud
1688,fiasco
1689,fiat
1690,fickle
1691,fictitious
1692,fidelity
1693,fiend
1694,figment
1695,figurative
1696,figure
1697,figurine
1698,filch
1699,filial
1700,filibuster
1701,filigree
1702,filing
1703,filth
1704,finale
1705,finery
1706,finesse
1707,finicky
1708,finish
1709,finished
1710,finite
1711,firebrand
1712,fissure
1713,fit
1714,fitful
1715,flaccid
1716,flag
1717,flagrant
1718,flail
1719,flair
1720,flamboyant
1721,flashy
1722,flaunt
1723,flay
1724,fleck
1725,fleece
1726,fleet
1727,flick
1728,flicker
1729,flighty
1730,flinch
1731,flip
1732,flippant
1733,flirt
1734,flit
1735,floe
1736,flora
1737,florescence
1738,florid
1739,flotsam
1740,flounder
1741,flourish
1742,flout
1743,flowery
1744,fluctuate
1745,fluency
1746,fluke
1747,flush
1748,fluster
1749,flutter
1750,flux
1751,fodder
1752,foible
1753,foil
1754,foist
1755,foliage
1756,foment
1757,foolhardy
1758,foppish
1759,foray
1760,forbearance
1761,ford
1762,foreboding
1763,forensic
1764,forerunner
1765,foreshadow
1766,foresight
1767,forestall
1768,forfeit
1769,forge
1770,forlorn
1771,formality
1772,formidable
1773,forsake
1774,forswear
1775,forte
1776,forthcoming
1777,forthright
1778,fortitude
1779,fortuitous
1780,forum
1781,forward
1782,foster
1783,foul
1784,founder
1785,fracas
1786,fractious
1787,frail
1788,franchise
1789,frantic
1790,fraudulent
1791,fraught
1792,fray
1793,freebooter
1794,frenzied
1795,fresco
1796,fret
1797,friction
1798,frieze
1799,frigid
1800,fringe
1801,frisk
1802,fritter
1803,frivolous
1804,frock
1805,frolic
1806,frolicsome
1807,frond
1808,fructify
1809,frugality
1810,fruitful
1811,fruition
1812,frustrate
1813,fuddle
1814,fugitive
1815,fulcrum
1816,fulminate
1817,fulsome
1818,fumble
1819,functional
1820,functionary
1821,fundamental
1822,funereal
1823,furor
1824,furrow
1825,furtive
1826,fusillade
1827,fusion
1828,fussy
1829,futile
1830,gadfly
1831,gaffe
1832,gainsay
1833,gait
1834,galaxy
1835,gale
1836,gall
1837,galleon
1838,galley
1839,gallows
1840,galvanic
1841,galvanize
1842,gambit
1843,gambol
1844,gamely
1845,gamut
1846,gangrene
1847,gape
1848,garbled
1849,gargantuan
1850,gargoyle
1851,garish
1852,garner
1853,garnish
1854,garrulous
1855,gastronomy
1856,gauche
1857,gaudy
1858,gaunt
1859,gavel
1860,gawk
1861,gazette
1862,genealogy
1863,generality
1864,generate
1865,generic
1866,genesis
1867,geniality
1868,genre
1869,genteel
1870,gentility
1871,gentle
1872,gentry
1873,genuflect
1874,genus
1875,geriatrics
1876,germ
1877,germane
1878,germinal
1879,germinate
1880,gerontocracy
1881,gerontology
1882,gerrymander
1883,gestate
1884,gesticulation
1885,ghastly
1886,gibberish
1887,gibe
1888,giddy
1889,gild
1890,gingerly
1891,girth
1892,gist
1893,glacial
1894,glamor
1895,glare
1896,glaring
1897,glaze
1898,gleam
1899,glean
1900,glib
1901,glimmer
1902,glitter
1903,gloat
1904,gloss
1905,glossary
1906,glossy
1907,glow
1908,glower
1909,glut
1910,glutinous
1911,glutton
1912,gnarl
1913,gnarled
1914,gnome
1915,goad
1916,gobble
1917,gorge
1918,gory
1919,gossamer
1920,gouge
1921,gourmand
1922,gourmet
1923,gracious
1924,gradation
1925,graduate
1926,graduated
1927,granary
1928,grandeur
1929,grandiloquent
1930,grandiose
1931,granulate
1932,graphic
1933,graphite
1934,grapple
1935,grate
1936,gratify
1937,gratis
1938,gratuitous
1939,gratuity
1940,gravity
1941,graze
1942,gregarious
1943,grievance
1944,grill
1945,grim
1946,grimace
1947,grisly
1948,groom
1949,groove
1950,gross
1951,grotesque
1952,grotto
1953,grouch
1954,grouse
1955,grovel
1956,growl
1957,grudge
1958,grudging
1959,gruel
1960,grueling
1961,gruesome
1962,gruff
1963,grumble
1964,grunt
1965,guffaw
1966,guile
1967,guileless
1968,guise
1969,gull
1970,gullible
1971,gush
1972,gust
1973,gustatory
1974,gusto
1975,gusty
1976,guy
1977,gyroscope
1978,habitat
1979,habituate
1980,hackles
1981,hackneyed
1982,haggard
1983,haggle
1984,hail
1985,halcyon
1986,hale
1987,halfhearted
1988,hallowed
1989,hallucination
1990,halting
1991,hamper
1992,handsome
1993,hap
1994,haphazard
1995,hapless
1996,harangue
1997,harass
1998,harbinger
1999,harbor
2000,hardy
2001,harrowing
2002,harry
2003,hatch
2004,haughtiness
2005,haunt
2006,haven
2007,havoc
2008,hazard
2009,hazardous
2010,hazy
2011,headfirst
2012,headlong
2013,headstrong
2014,healthful
2015,healthy
2016,heckler
2017,hedonist
2018,heed
2019,heedless
2020,hegemony
2021,heinous
2022,helm
2023,hem
2024,herald
2025,herbivorous
2026,herd
2027,hereafter
2028,heresy
2029,hermetic
2030,hermitage
2031,herpetologist
2032,heterodox
2033,heterogeneous
2034,hew
2035,heyday
2036,hiatus
2037,hibernal
2038,hibernate
2039,hide
2040,hideous
2041,hierarchy
2042,hieroglyphic
2043,high-flown
2044,hilarity
2045,hindmost
2046,hindrance
2047,hindsight
2048,hireling
2049,hirsute
2050,historic
2051,historical
2052,histrionic
2053,hive
2054,hoard
2055,hoary
2056,hoax
2057,holocaust
2058,holster
2059,homage
2060,homely
2061,homeostasis
2062,homespun
2063,homily
2064,homogeneous
2065,hone
2066,hoodwink
2067,horde
2068,horoscope
2069,hortatory
2070,horticultural
2071,hostage
2072,hostility
2073,hothead
2074,hovel
2075,hover
2076,hubbub
2077,hubris
2078,hue
2079,hull
2080,humane
2081,humanitarian
2082,humble
2083,humdrum
2084,humid
2085,humility
2086,hummock
2087,humor
2088,humus
2089,hurl
2090,hurtle
2091,husband
2092,husbandry
2093,hut
2094,hybrid
2095,hydrophobia
2096,hygiene
2097,hyperbole
2098,hypercritical
2099,hypnosis
2100,hypochondriac
2101,hypocritical
2102,hypothetical
2103,hysteria
2104,ichthyology
2105,iconoclastic
2106,ideology
2107,idiom
2108,idiosyncrasy
2109,idle
2110,idolatry
2111,idyllic
2112,igneous
2113,ignite
2114,ignoble
2115,ignominy
2116,illicit
2117,illimitable
2118,illuminate
2119,illusion
2120,illusive
2121,illusory
2122,imbalance
2123,imbecility
2124,imbibe
2125,imbroglio
2126,imbue
2127,immaculate
2128,imminent
2129,immobility
2130,immolate
2131,immune
2132,immure
2133,immutable
2134,impair
2135,impale
2136,impalpable
2137,impart
2138,impartial
2139,impassable
2140,impasse
2141,impassioned
2142,impassive
2143,impeach
2144,impeccable
2145,impecunious
2146,impede
2147,impediment
2148,impel
2149,impending
2150,impenetrable
2151,impenitent
2152,imperative
2153,imperceptible
2154,imperial
2155,imperil
2156,imperious
2157,impermeable
2158,impersonal
2159,impertinent
2160,imperturbable
2161,impervious
2162,impetuous
2163,impetus
2164,impiety
2165,impinge
2166,impious
2167,implacable
2168,implausible
2169,implement
2170,implicate
2171,implication
2172,implicit
2173,implode
2174,implore
2175,imply
2176,impolitic
2177,imponderable
2178,import
2179,importunate
2180,importune
2181,imposture
2182,impotent
2183,impoverish
2184,imprecation
2185,impregnable
2186,impregnate
2187,impromptu
2188,impropriety
2189,improvident
2190,improvise
2191,imprudent
2192,impudence
2193,impugn
2194,impuissance
2195,impunity
2196,impute
2197,inadvertently
2198,inalienable
2199,inamorata
2200,inane
2201,inanimate
2202,inarticulate
2203,inaugurate
2204,incandescent
2205,incantation
2206,incapacitate
2207,incarcerate
2208,incarnate
2209,incarnation
2210,incendiary
2211,incense
2212,incentive
2213,inception
2214,incessant
2215,inchoate
2216,incidence
2217,incident
2218,incidental
2219,incinerate
2220,incipient
2221,incisive
2222,incite
2223,inclement
2224,incline
2225,inclined
2226,inclusive
2227,incognito
2228,incoherent
2229,incommodious
2230,incompatible
2231,incongruity
2232,inconsequential
2233,inconsistency
2234,incontinent
2235,incontrovertible
2236,incorporate
2237,incorporeal
2238,incorrigible
2239,incredulity
2240,incredulous
2241,increment
2242,incriminate
2243,incrustation
2244,incubate
2245,incubus
2246,inculcate
2247,incumbent
2248,incur
2249,incursion
2250,indecision
2251,indecisive
2252,indefatigable
2253,indelible
2254,indemnify
2255,indentation
2256,indenture
2257,indeterminate
2258,indicative
2259,indict
2260,indifferent
2261,indigence
2262,indigenous
2263,indigent
2264,indignation
2265,indignity
2266,indiscriminate
2267,indisputable
2268,indissoluble
2269,indite
2270,indoctrinate
2271,indolent
2272,indomitable
2273,indubitable
2274,induce
2275,induct
2276,inductive
2277,indulge
2278,indulgent
2279,industrious
2280,inebriate
2281,inebriated
2282,ineffable
2283,ineffectual
2284,ineluctable
2285,inept
2286,inequity
2287,inerrancy
2288,inert
2289,inestimable
2290,inevitable
2291,inexorable
2292,inextricable
2293,infallible
2294,infamous
2295,infantile
2296,infer
2297,infernal
2298,infest
2299,infidel
2300,infiltrate
2301,infinitesimal
2302,infirmity
2303,inflated
2304,influx
2305,infraction
2306,infringe
2307,ingenious
2308,ingenue
2309,ingenuous
2310,ingrained
2311,ingrate
2312,ingratiate
2313,inherent
2314,inhibit
2315,inhibited
2316,inimical
2317,inimitable
2318,iniquitous
2319,initiate
2320,injurious
2321,inkling
2322,innate
2323,innocuous
2324,innovation
2325,innuendo
2326,inopportune
2327,inordinate
2328,inquisitive
2329,inquisitor
2330,inroad
2331,insalubrious
2332,insatiable
2333,inscrutable
2334,insensate
2335,insensible
2336,insidious
2337,insightful
2338,insinuate
2339,insipid
2340,insolence
2341,insolvent
2342,insomnia
2343,insouciant
2344,instigate
2345,institute
2346,institution
2347,institutionalize
2348,insubordination
2349,insubstantial
2350,insularity
2351,insuperable
2352,insurgent
2353,insurmountable
2354,insurrection
2355,intangible
2356,integral
2357,integrate
2358,integrity
2359,intellect
2360,intelligentsia
2361,inter
2362,interdict
2363,interim
2364,interjection
2365,interloper
2366,intermediary
2367,interminable
2368,intermittent
2369,internecine
2370,interpolate
2371,interregnum
2372,interrogate
2373,interstice
2374,intervene
2375,intimate
2376,intimidate
2377,intolerant
2378,intoxicate
2379,intractable
2380,intransigence
2381,intrepid
2382,intrigue
2383,intrinsic
2384,introspective
2385,introvert
2386,intrude
2387,intuition
2388,inundate
2389,inured
2390,invalid
2391,invalidate
2392,invective
2393,inveigh
2394,inveigle
2395,inverse
2396,invert
2397,inveterate
2398,invidious
2399,invincible
2400,inviolable
2401,invocation
2402,invoke
2403,invulnerable
2404,iota
2405,irascible
2406,irate
2407,iridescent
2408,irksome
2409,ironic
2410,irony
2411,irreconcilable
2412,irrefutable
2413,irrelevant
2414,irremediable
2415,irreparable
2416,irrepressible
2417,irreproachable
2418,irresolute
2419,irretrievable
2420,irreverence
2421,irrevocable
2422,isotope
2423,isthmus
2424,itinerant
2425,itinerary
2426,jab
2427,jabber
2428,jaded
2429,jargon
2430,jaundice
2431,jaundiced
2432,jaunt
2433,jaunty
2434,jeopardize
2435,jest
2436,jetsam
2437,jettison
2438,jibe
2439,jingoist
2440,jocose
2441,jocular
2442,jocund
2443,jollity
2444,jostle
2445,jovial
2446,jubilation
2447,judiciary
2448,judicious
2449,jug
2450,juggernaut
2451,jumble
2452,juncture
2453,junket
2454,junta
2455,juridical
2456,jurisdiction
2457,jurisprudence
2458,juxtapose
2459,kaleidoscope
2460,ken
2461,kernel
2462,killjoy
2463,kindle
2464,kindred
2465,kinetic
2466,kismet
2467,kleptomaniac
2468,knack
2469,knave
2470,knead
2471,kneel
2472,knell
2473,knit
2474,knoll
2475,knotty
2476,kudos
2477,labile
2478,laborious
2479,labyrinth
2480,lace
2481,laceration
2482,lachrymose
2483,lackadaisical
2484,lackluster
2485,laconic
2486,lag
2487,laggard
2488,lagoon
2489,laity
2490,lament
2491,lampoon
2492,lance
2493,lancet
2494,languid
2495,languish
2496,languor
2497,lank
2498,lap
2499,larceny
2500,larder
2501,largess
2502,lascivious
2503,lassitude
2504,latch
2505,latent
2506,lateral
2507,latitude
2508,laud
2509,lavish
2510,lax
2511,layman
2512,leash
2513,leave-taking
2514,leaven
2515,lechery
2516,lectern
2517,leery
2518,leeway
2519,legacy
2520,legato
2521,legend
2522,legerdemain
2523,legislature
2524,leniency
2525,leonine
2526,lethal
2527,lethargic
2528,levee
2529,levitate
2530,levity
2531,levy
2532,lewd
2533,lexicographer
2534,lexicon
2535,liability
2536,liaison
2537,libel
2538,libertine
2539,libidinous
2540,libido
2541,libretto
2542,license
2543,licentious
2544,lien
2545,ligneous
2546,lilliputian
2547,limber
2548,limbo
2549,limn
2550,limp
2551,limpid
2552,lineage
2553,linger
2554,linguistic
2555,lionize
2556,liquidate
2557,list
2558,listless
2559,litany
2560,lithe
2561,litigation
2562,litotes
2563,litter
2564,livid
2565,loath
2566,loathe
2567,lode
2568,loft
2569,lofty
2570,log
2571,loiter
2572,loll
2573,longevity
2574,lookout
2575,loom
2576,lope
2577,lopsided
2578,loquacious
2579,lot
2580,lottery
2581,lounge
2582,lout
2583,low
2584,lubricate
2585,lucid
2586,lucrative
2587,lucre
2588,ludicrous
2589,lugubrious
2590,lull
2591,lumber
2592,lumen
2593,luminary
2594,luminous
2595,lunar
2596,lunatic
2597,lurid
2598,lurk
2599,luscious
2600,lush
2601,lust
2602,luster
2603,lustrous
2604,luxuriant
2605,luxuriate
2606,macabre
2607,mace
2608,macerate
2609,Machiavellian
2610,madrigal
2611,maelstrom
2612,magisterial
2613,magistrate
2614,magnanimity
2615,magnate
2616,magniloquent
2617,magnitude
2618,maim
2619,makeshift
2620,maladroit
2621,malady
2622,malaise
2623,malapropism
2624,malapropos
2625,malcontent
2626,malediction
2627,malefactor
2628,malevolent
2629,malfeasance
2630,malicious
2631,malign
2632,malignant
2633,malingerer
2634,malleable
2635,malodorous
2636,mammal
2637,mammoth
2638,manacle
2639,mandate
2640,mandatory
2641,mange
2642,mangle
2643,mangy
2644,maniacal
2645,manifest
2646,manifestation
2647,manifesto
2648,manifold
2649,manipulate
2650,mannered
2651,mannerism
2652,mantle
2653,manumit
2654,mar
2655,maraud
2656,margin
2657,marginal
2658,marital
2659,maritime
2660,marked
2661,maroon
2662,marred
2663,marrow
2664,marshal
2665,marsupial
2666,martial
2667,martinet
2668,martyr
2669,mash
2670,masochist
2671,mason
2672,masquerade
2673,mass
2674,masticate
2675,mat
2676,materialism
2677,maternal
2678,matriarch
2679,matriculate
2680,matrimony
2681,matrix
2682,maudlin
2683,maul
2684,mausoleum
2685,mauve
2686,maverick
2687,mawkish
2688,maxim
2689,mayhem
2690,meager
2691,mealymouthed
2692,meander
2693,meddlesome
2694,mediate
2695,mediocre
2696,meditation
2697,medium
2698,medley
2699,meek
2700,megalomania
2701,melancholy
2702,melee
2703,mellifluous
2704,memento
2705,memoir
2706,memorial
2707,memorialize
2708,menace
2709,menagerie
2710,mendacious
2711,mendicant
2712,menial
2713,mentor
2714,mercantile
2715,mercenary
2716,mercurial
2717,meretricious
2718,merger
2719,merit
2720,mesmerize
2721,metallurgical
2722,metamorphosis
2723,metaphor
2724,metaphysical
2725,mete
2726,meteoric
2727,meter
2728,methodical
2729,meticulous
2730,metrical
2731,metropolis
2732,mettle
2733,miasma
2734,microcosm
2735,migrant
2736,migratory
2737,milieu
2738,militant
2739,militate
2740,militia
2741,millennium
2742,mime
2743,mimicry
2744,minatory
2745,mincing
2746,mingle
2747,miniature
2748,minion
2749,minute
2750,mirage
2751,mire
2752,mirth
2753,misadventure
2754,misanthrope
2755,misapprehension
2756,miscellaneous
2757,miscellany
2758,mischance
2759,mischief
2760,misconduct
2761,misconstrue
2762,miscreant
2763,misdemeanor
2764,miserly
2765,mishap
2766,misnomer
2767,misogamy
2768,misogynist
2769,missile
2770,missive
2771,mite
2772,mitigate
2773,mnemonic
2774,mobile
2775,mock
2776,mode
2777,modicum
2778,modish
2779,modulate
2780,mogul
2781,molecule
2782,mollify
2783,mollycoddle
2784,molten
2785,momentous
2786,momentum
2787,monarchy
2788,monastic
2789,monetary
2790,mongrel
2791,monochromatic
2792,monochrome
2793,monogram
2794,monograph
2795,monolithic
2796,monotheism
2797,monotony
2798,monumental
2799,moodiness
2800,moratorium
2801,morbid
2802,mordant
2803,mores
2804,morgue
2805,moribund
2806,morose
2807,mortar
2808,mortician
2809,mortify
2810,mosaic
2811,mote
2812,motif
2813,motility
2814,motley
2815,mottled
2816,motto
2817,mountebank
2818,muddle
2819,muggy
2820,mulct
2821,multifarious
2822,multiform
2823,multilingual
2824,multiplicity
2825,mundane
2826,munificent
2827,mural
2828,murky
2829,murmur
2830,muse
2831,musky
2832,muster
2833,musty
2834,mute
2835,muted
2836,mutilate
2837,mutinous
2838,mutter
2839,myopic
2840,myriad
2841,mystic
2842,nadir
2843,narcissist
2844,narrative
2845,nascent
2846,natal
2847,natation
2848,natty
2849,nausea
2850,nauseate
2851,nauseous
2852,nautical
2853,navigable
2854,nebula
2855,nebulous
2856,necromancy
2857,nectar
2858,nefarious
2859,negate
2860,negligence
2861,negligible
2862,nemesis
2863,neologism
2864,neophyte
2865,nepotism
2866,nether
2867,nettle
2868,nexus
2869,nib
2870,nicety
2871,niggardly
2872,niggle
2873,nihilist
2874,nimble
2875,nip
2876,nirvana
2877,nocturnal
2878,noisome
2879,nomadic
2880,nomenclature
2881,nominal
2882,nonchalance
2883,noncommittal
2884,nondescript
2885,nonentity
2886,nonplus
2887,nonsense
2888,noose
2889,nostalgia
2890,nostrum
2891,notable
2892,notch
2893,notoriety
2894,nourish
2895,nourishment
2896,nova
2897,novelty
2898,novice
2899,noxious
2900,nuance
2901,nubile
2902,nugatory
2903,nullify
2904,numismatist
2905,nuptial
2906,nurse
2907,nurture
2908,nutrient
2909,nutrition
2910,nutritious
2911,oaf
2912,oath
2913,oatmeal
2914,obdurate
2915,obeisance
2916,obelisk
2917,obese
2918,obfuscate
2919,obituary
2920,objective
2921,obligatory
2922,oblique
2923,obliterate
2924,oblivion
2925,oblivious
2926,obloquy
2927,obnoxious
2928,obscure
2929,obsequious
2930,obsessive
2931,obsidian
2932,obsolete
2933,obstetrician
2934,obstinate
2935,obstreperous
2936,obtrude
2937,obtuse
2938,obviate
2939,Occident
2940,occlude
2941,occult
2942,oculist
2943,odds
2944,odious
2945,odium
2946,odoriferous
2947,odorous
2948,odyssey
2949,offensive
2950,offhand
2951,officious
2952,ogle
2953,olfactory
2954,oligarchy
2955,ominous
2956,omnipotent
2957,omnipresent
2958,omniscient
2959,omnivorous
2960,onerous
2961,onomatopoeia
2962,onslaught
2963,onus
2964,ooze
2965,opalescent
2966,opaque
2967,opiate
2968,opportune
2969,opportunist
2970,opprobrium
2971,optician
2972,optimist
2973,optimum
2974,optional
2975,optometrist
2976,opulence
2977,opus
2978,oracular
2979,orator
2980,oratorio
2981,ordain
2982,ordeal
2983,ordinance
2984,ordination
2985,orgy
2986,orient
2987,orientation
2988,orifice
2989,ornate
2990,ornithologist
2991,orthodox
2992,orthography
2993,oscillate
2994,osseous
2995,ossify
2996,ostensible
2997,ostentatious
2998,ostracize
2999,oust
3000,outcast
3001,outfit
3002,outgoing
3003,outlandish
3004,outlaw
3005,outlook
3006,outmoded
3007,outrage
3008,outskirts
3009,outspoken
3010,outstrip
3011,outwit
3012,ovation
3013,overbearing
3014,overblown
3015,oversee
3016,overt
3017,overthrow
3018,overture
3019,overturn
3020,overweening
3021,overwhelm
3022,overwrought
3023,ovoid
3024,pachyderm
3025,pacifist
3026,pacify
3027,padre
3028,paean
3029,painstaking
3030,palatable
3031,palate
3032,palatial
3033,paleontology
3034,palette
3035,palimpsest
3036,pall
3037,pallet
3038,palliate
3039,pallid
3040,palm
3041,palpable
3042,palpitate
3043,paltry
3044,pan
3045,panacea
3046,panache
3047,pandemic
3048,Pandemonium
3049,pander
3050,panegyric
3051,pang
3052,panoramic
3053,pantomime
3054,papyrus
3055,parable
3056,paradigm
3057,paradox
3058,paragon
3059,parallel
3060,parallelism
3061,parameter
3062,paramount
3063,paramour
3064,paranoia
3065,paraphernalia
3066,paraphrase
3067,parasite
3068,parched
3069,parchment
3070,pare
3071,pariah
3072,parish
3073,parity
3074,parlance
3075,parley
3076,parochial
3077,parody
3078,paroxysm
3079,parquet
3080,parry
3081,parsimony
3082,partial
3083,partiality
3084,partisan
3085,partition
3086,parvenu
3087,passive
3088,paste
3089,pastiche
3090,pastoral
3091,pastry
3092,patent
3093,pathetic
3094,pathological
3095,pathos
3096,patina
3097,patois
3098,patriarch
3099,patrician
3100,patrimony
3101,patronize
3102,paucity
3103,pauper
3104,peccadillo
3105,pecuniary
3106,pedagogue
3107,pedagogy
3108,pedant
3109,pedantic
3110,peddle
3111,pedestal
3112,pedestrian
3113,pediatrician
3114,pedigree
3115,peer
3116,peerless
3117,peevish
3118,pejorative
3119,pell-mell
3120,pellucid
3121,pen
3122,penance
3123,penchant
3124,pending
3125,pendulous
3126,penetrate
3127,penitent
3128,penology
3129,pensive
3130,penumbra
3131,penury
3132,peon
3133,perceptive
3134,percussion
3135,perdition
3136,peregrination
3137,peremptory
3138,perennial
3139,perfidious
3140,perforate
3141,perfunctory
3142,perigee
3143,perimeter
3144,peripatetic
3145,peripheral
3146,periphery
3147,perjury
3148,permeable
3149,permissive
3150,pernicious
3151,peroration
3152,perpetrate
3153,perpetual
3154,perpetuate
3155,persevere
3156,persist
3157,personable
3158,personify
3159,perspicacious
3160,perspicuity
3161,perspicuous
3162,pert
3163,pertinacious
3164,pertinent
3165,perturb
3166,peruse
3167,pervasive
3168,perverse
3169,perversion
3170,pervert
3171,pessimism
3172,pestle
3173,petrify
3174,petty
3175,petulant
3176,phalanx
3177,pharisaical
3178,pharisee
3179,philanderer
3180,philanthropist
3181,philatelist
3182,Philistine
3183,philology
3184,phlegmatic
3185,phobia
3186,phoenix
3187,phylum
3188,physiognomy
3189,physiological
3190,piebald
3191,piecemeal
3192,pied
3193,piety
3194,pigment
3195,pilfer
3196,pillage
3197,pillory
3198,pinch
3199,pine
3200,pinion
3201,pinnace
3202,pinnacle
3203,pious
3204,piquant
3205,pique
3206,piscatorial
3207,pitfall
3208,pith
3209,pithy
3210,pittance
3211,pivotal
3212,placate
3213,placebo
3214,placid
3215,plagiarize
3216,plaintive
3217,plait
3218,plane
3219,plaster
3220,plasticity
3221,platitude
3222,platonic
3223,plaudit
3224,plausible
3225,plebeian
3226,plebiscite
3227,plenary
3228,plenitude
3229,plethora
3230,pliable
3231,pliant
3232,plight
3233,ploy
3234,pluck
3235,plumage
3236,plumb
3237,plumber
3238,plume
3239,plummet
3240,plump
3241,plutocracy
3242,podiatrist
3243,podium
3244,poignancy
3245,poise
3246,polar
3247,polarity
3248,polarize
3249,polemic
3250,politic
3251,polity
3252,polygamist
3253,polyglot
3254,pomposity
3255,ponderous
3256,pontifical
3257,pore
3258,porous
3259,porridge
3260,portend
3261,portly
3262,pose
3263,poseur
3264,posterity
3265,posthumous
3266,postmortem
3267,postulate
3268,posture
3269,potable
3270,potent
3271,potentate
3272,potential
3273,potion
3274,potpourri
3275,poultice
3276,practicable
3277,practical
3278,pragmatic
3279,pragmatist
3280,prance
3281,prank
3282,prate
3283,prattle
3284,preamble
3285,precarious
3286,precedent
3287,precept
3288,precinct
3289,precipice
3290,precipitant
3291,precipitate
3292,precipitous
3293,precise
3294,preclude
3295,precocious
3296,precursor
3297,predator
3298,predecessor
3299,predetermine
3300,predicament
3301,predilection
3302,predispose
3303,preeminent
3304,preempt
3305,preen
3306,prefatory
3307,prefigure
3308,prehensile
3309,prelate
3310,prelude
3311,premeditate
3312,premise
3313,premonition
3314,premonitory
3315,preponderance
3316,prepossessing
3317,preposterous
3318,prerogative
3319,presage
3320,prescience
3321,presentiment
3322,prestige
3323,presume
3324,presumptuous
3325,pretend
3326,pretension
3327,pretentious
3328,preternatural
3329,pretext
3330,prevail
3331,prevalent
3332,prevaricate
3333,prey
3334,prim
3335,primal
3336,primary
3337,primate
3338,prime
3339,primogeniture
3340,primordial
3341,primp
3342,pristine
3343,privation
3344,privy
3345,prize
3346,probe
3347,probity
3348,problematic
3349,proclivity
3350,procrastinate
3351,procurement
3352,prod
3353,prodigal
3354,prodigious
3355,prodigy
3356,profane
3357,profligate
3358,profound
3359,profusion
3360,progenitor
3361,progeny
3362,prognosis
3363,prognosticate
3364,prohibitive
3365,projectile
3366,proletarian
3367,proliferate
3368,prolific
3369,prolixity
3370,prologue
3371,prolong
3372,prominent
3373,promiscuous
3374,promontory
3375,promote
3376,prompt
3377,promulgate
3378,prone
3379,prong
3380,pronounced
3381,prop
3382,propagate
3383,propensity
3384,prophetic
3385,prophylactic
3386,propinquity
3387,propitiate
3388,propitious
3389,proponent
3390,propound
3391,propriety
3392,propulsive
3393,prosaic
3394,proscenium
3395,proscribe
3396,proselytize
3397,prosody
3398,prosper
3399,prosperity
3400,prosperous
3401,prostrate
3402,protagonist
3403,protean
3404,protocol
3405,prototype
3406,protract
3407,protrude
3408,protuberance
3409,provenance
3410,provender
3411,proverb
3412,providence
3413,provident
3414,provincial
3415,provision
3416,provisional
3417,proviso
3418,provocative
3419,prowess
3420,proximity
3421,proxy
3422,prude
3423,prudent
3424,prune
3425,prurient
3426,pry
3427,pseudonym
3428,psyche
3429,psychiatrist
3430,psychic
3431,psychopathic
3432,psychosis
3433,psychosomatic
3434,pterodactyl
3435,pucker
3436,pudding
3437,puerile
3438,pugilist
3439,pugnacity
3440,puissant
3441,pulchritude
3442,pulmonary
3443,pulpit
3444,pulsate
3445,pulse
3446,pulverize
3447,pummel
3448,punctilious
3449,pundit
3450,pungent
3451,punitive
3452,puny
3453,purchase
3454,purgatory
3455,purge
3456,purport
3457,purse
3458,purveyor
3459,pushy
3460,pusillanimous
3461,putative
3462,putrefy
3463,putrescent
3464,putrid
3465,puzzle
3466,pyromaniac
3467,quack
3468,quadruped
3469,quaff
3470,quagmire
3471,quail
3472,quaint
3473,qualified
3474,qualify
3475,quandary
3476,quarantine
3477,quarry
3478,quash
3479,quay
3480,queasy
3481,queer
3482,quell
3483,quench
3484,querulous
3485,query
3486,queue
3487,quibble
3488,quicksilver
3489,quiescent
3490,quietude
3491,quintessence
3492,quip
3493,quirk
3494,quisling
3495,quiver
3496,quixotic
3497,quizzical
3498,quorum
3499,quotidian
3500,rabble
3501,rabid
3502,rabies
3503,raconteur
3504,raffle
3505,rag
3506,ragamuffin
3507,rail
3508,raiment
3509,rake
3510,rakish
3511,rally
3512,ram
3513,ramble
3514,ramification
3515,ramify
3516,ramp
3517,rampant
3518,rampart
3519,ramshackle
3520,rancid
3521,rancor
3522,random
3523,rank
3524,rankle
3525,ransack
3526,rant
3527,rapacious
3528,rapport
3529,rapt
3530,rapture
3531,rare
3532,rarefied
3533,rasp
3534,raspy
3535,ratify
3536,ratiocination
3537,ration
3538,rational
3539,rationale
3540,rationalize
3541,raucous
3542,ravage
3543,rave
3544,ravel
3545,ravenous
3546,ravine
3547,raze
3548,reactionary
3549,realm
3550,reaper
3551,rebate
3552,rebuff
3553,rebuke
3554,rebus
3555,rebuttal
3556,recalcitrant
3557,recant
3558,recapitulate
3559,recast
3560,receptive
3561,recess
3562,recession
3563,recidivism
3564,recipient
3565,reciprocal
3566,reciprocate
3567,recital
3568,recite
3569,reckon
3570,recline
3571,recluse
3572,reconcile
3573,recondite
3574,reconnaissance
3575,recount
3576,recourse
3577,recreant
3578,recrimination
3579,rectify
3580,rectitude
3581,recumbent
3582,recuperate
3583,recurrent
3584,redolent
3585,redoubtable
3586,redress
3587,reduce
3588,redundant
3589,reek
3590,refectory
3591,referendum
3592,refraction
3593,refractory
3594,refrain
3595,refulgent
3596,refurbish
3597,refuse
3598,refute
3599,regal
3600,regale
3601,regatta
3602,regeneration
3603,regent
3604,regicide
3605,regime
3606,regimen
3607,regiment
3608,rehabilitate
3609,reimburse
3610,reinstate
3611,reiterate
3612,rejoinder
3613,rejuvenate
3614,relapse
3615,relegate
3616,relent
3617,relevant
3618,relic
3619,religious
3620,relinquish
3621,relish
3622,remediable
3623,reminiscence
3624,reminiscent
3625,remiss
3626,remission
3627,remit
3628,remittance
3629,remnant
3630,remonstrate
3631,remorse
3632,remunerative
3633,rend
3634,render
3635,rendezvous
3636,rendition
3637,renegade
3638,renege
3639,renounce
3640,renovate
3641,renown
3642,rent
3643,reparable
3644,reparation
3645,repartee
3646,repast
3647,repeal
3648,repel
3649,repellent
3650,repercussion
3651,repertoire
3652,repine
3653,replenish
3654,replete
3655,replica
3656,replicate
3657,repose
3658,repository
3659,reprehensible
3660,representational
3661,repress
3662,reprieve
3663,reprimand
3664,reprisal
3665,reprise
3666,reproach
3667,reprobate
3668,reprobation
3669,reprove
3670,repudiate
3671,repugnance
3672,repulse
3673,repulsion
3674,reputable
3675,requiem
3676,requisite
3677,requisition
3678,requite
3679,rescind
3680,resentment
3681,reserve
3682,residual
3683,residue
3684,resign
3685,resignation
3686,resilient
3687,resolution
3688,resolve
3689,resonant
3690,resort
3691,resound
3692,resourceful
3693,respiration
3694,respite
3695,resplendent
3696,responsiveness
3697,restitution
3698,restive
3699,restraint
3700,resumption
3701,resurge
3702,resurrect
3703,resuscitate
3704,retain
3705,retaliate
3706,retard
3707,retentive
3708,reticent
3709,retinue
3710,retiring
3711,retort
3712,retract
3713,retrench
3714,retribution
3715,retrieve
3716,retroactive
3717,retrograde
3718,retrospective
3719,revelry
3720,reverberate
3721,reverend
3722,reverent
3723,reverie
3724,revert
3725,revile
3726,revoke
3727,revulsion
3728,rhapsodize
3729,rhapsody
3730,rhetoric
3731,ribald
3732,rickety
3733,riddle
3734,rider
3735,rife
3736,rift
3737,rig
3738,righteous
3739,rightful
3740,rigid
3741,rigor
3742,rile
3743,rip
3744,rivet
3745,riveting
3746,rivulet
3747,robust
3748,rococo
3749,roil
3750,rolling
3751,romp
3752,rooster
3753,roseate
3754,roster
3755,rostrum
3756,rote
3757,rotund
3758,rotunda
3759,rotundity
3760,rousing
3761,rout
3762,rubble
3763,rubric
3764,ruddy
3765,rudimentary
3766,rue
3767,ruffian
3768,rumble
3769,ruminant
3770,ruminate
3771,rummage
3772,run-down
3773,runic
3774,ruse
3775,rustic
3776,rusticate
3777,rustle
3778,ruthless
3779,saboteur
3780,saccharine
3781,sacrilegious
3782,sacrosanct
3783,sadistic
3784,saga
3785,sagacious
3786,sage
3787,salacious
3788,salient
3789,saline
3790,sallow
3791,salubrious
3792,salutary
3793,salvage
3794,sanctimonious
3795,sanction
3796,sanctuary
3797,sanguinary
3798,sanguine
3799,sap
3800,sarcasm
3801,sardonic
3802,sartorial
3803,sate
3804,satellite
3805,satiate
3806,satire
3807,satirical
3808,saturate
3809,saturnine
3810,satyr
3811,saunter
3812,savant
3813,savor
3814,savory
3815,scabbard
3816,scad
3817,scaffold
3818,scale
3819,scanty
3820,scapegoat
3821,scavenge
3822,scenario
3823,schematic
3824,scheme
3825,schism
3826,scholarly
3827,scintilla
3828,scintillate
3829,scion
3830,scoff
3831,scorch
3832,score
3833,scotch
3834,scourge
3835,scowl
3836,scrap
3837,scrappy
3838,scraps
3839,screech
3840,scrimmage
3841,scruple
3842,scrupulous
3843,scrutinize
3844,scuffle
3845,scurrilous
3846,scurry
3847,scurvy
3848,scuttle
3849,seamy
3850,sear
3851,season
3852,seasonable
3853,seasonal
3854,seasoned
3855,secession
3856,seclusion
3857,secrete
3858,sect
3859,sectarian
3860,secular
3861,sedate
3862,sedentary
3863,sedition
3864,seduce
3865,sedulous
3866,seedy
3867,seemly
3868,seep
3869,seethe
3870,seine
3871,seismic
3872,selective
3873,self-indulgence
3874,self-righteous
3875,semblance
3876,seminal
3877,seminary
3878,senility
3879,sensitization
3880,sensual
3881,sensuous
3882,sententious
3883,sentient
3884,sentimental
3885,sentinel
3886,septic
3887,sepulcher
3888,sequester
3889,sere
3890,serendipity
3891,serenity
3892,serpentine
3893,serrated
3894,servile
3895,servitude
3896,sever
3897,severity
3898,sextant
3899,shack
3900,shackle
3901,shade
3902,sham
3903,shambles
3904,Shangri-la
3905,shard
3906,shaving
3907,sheaf
3908,shear
3909,sheathe
3910,shed
3911,sheer
3912,sherbet
3913,shift
3914,shimmer
3915,shirk
3916,shoddy
3917,shoot
3918,shove
3919,shrew
3920,shrewd
3921,shrivel
3922,shudder
3923,shuffle
3924,shun
3925,shunt
3926,shyster
3927,sibling
3928,sibylline
3929,sidereal
3930,sidetrack
3931,sift
3932,significant
3933,silt
3934,simian
3935,simile
3936,simper
3937,simplistic
3938,simulate
3939,sinecure
3940,sinewy
3941,singular
3942,sinister
3943,sinuous
3944,siren
3945,skeptic
3946,skiff
3947,skim
3948,skimp
3949,skinflint
3950,skirmish
3951,skittish
3952,skulk
3953,slack
3954,slacken
3955,slag
3956,slake
3957,slander
3958,slap
3959,slapdash
3960,slaughter
3961,slavish
3962,sleazy
3963,sledge
3964,sleek
3965,sleeper
3966,sleigh
3967,sleight
3968,slew
3969,slick
3970,slight
3971,slink
3972,slipshod
3973,slither
3974,sloth
3975,slough
3976,slovenly
3977,sluggard
3978,sluggish
3979,sluice
3980,slur
3981,sly
3982,smart
3983,smattering
3984,smear
3985,smelt
3986,smirk
3987,smolder
3988,smother
3989,smudge
3990,smug
3991,sneak
3992,snicker
3993,snip
3994,snivel
3995,snub
3996,snuffle
3997,soar
3998,sober
3999,sobriety
4000,sodden
4001,sojourn
4002,solace
4003,solder
4004,solecism
4005,solemnity
4006,solicit
4007,solicitor
4008,solicitous
4009,soliloquy
4010,solitude
4011,solstice
4012,soluble
4013,solvent
4014,somatic
4015,somber
4016,somnambulist
4017,somnolent
4018,sonic
4019,sonnet
4020,sonorous
4021,soothsayer
4022,sophist
4023,sophisticated
4024,sophistry
4025,soporific
4026,sordid
4027,sound
4028,sour
4029,sovereign
4030,sovereignty
4031,sow
4032,spangle
4033,spare
4034,sparse
4035,Spartan
4036,spasmodic
4037,spat
4038,spate
4039,spatial
4040,spatula
4041,spawn
4042,specious
4043,speck
4044,spectral
4045,spectrum
4046,speechless
4047,spendthrift
4048,spin
4049,splice
4050,spoilsport
4051,spontaneity
4052,spoof
4053,spoonerism
4054,sporadic
4055,sportive
4056,sprout
4057,spruce
4058,spry
4059,spurious
4060,spurn
4061,squabble
4062,squalor
4063,squander
4064,squash
4065,squat
4066,squeamish
4067,squelch
4068,staccato
4069,stagnant
4070,staid
4071,stalemate
4072,stalwart
4073,stamina
4074,stammer
4075,stamp
4076,stampede
4077,stanch
4078,standstill
4079,stanza
4080,start
4081,stately
4082,static
4083,statute
4084,statutory
4085,steadfast
4086,stealth
4087,steep
4088,stellar
4089,stem
4090,stench
4091,stentorian
4092,stereotype
4093,sterile
4094,stickler
4095,stifle
4096,stigma
4097,stilted
4098,stink
4099,stint
4100,stipend
4101,stipple
4102,stipulate
4103,stock
4104,stockade
4105,stodgy
4106,stoic
4107,stoke
4108,stolid
4109,stoop
4110,stout
4111,straggle
4112,strangle
4113,stratagem
4114,stratified
4115,stratum
4116,strew
4117,stricture
4118,strident
4119,stringent
4120,strut
4121,studied
4122,studious
4123,stultify
4124,stumble
4125,stump
4126,stun
4127,stupefy
4128,stupor
4129,sturdy
4130,stygian
4131,stymie
4132,suavity
4133,subaltern
4134,subdue
4135,subjective
4136,subjugate
4137,sublimate
4138,sublime
4139,subliminal
4140,submerge
4141,submissive
4142,subordinate
4143,suborn
4144,subpoena
4145,subsequent
4146,subservient
4147,subside
4148,subsidiary
4149,subsidy
4150,subsistence
4151,substantial
4152,substantiate
4153,substantive
4154,subsume
4155,subterfuge
4156,subtlety
4157,subversive
4158,succor
4159,succulent
4160,succumb
4161,suckle
4162,suffocate
4163,suffragist
4164,suffuse
4165,suitor
4166,sullen
4167,sully
4168,sultry
4169,summation
4170,sumptuous
4171,sunder
4172,sundry
4173,superannuated
4174,supercilious
4175,supererogatory
4176,superficial
4177,superfluous
4178,superimpose
4179,supernumerary
4180,supersede
4181,supine
4182,supplant
4183,supple
4184,suppliant
4185,supplicant
4186,supplicate
4187,supposition
4188,supposititious
4189,suppress
4190,surfeit
4191,surge
4192,surly
4193,surmise
4194,surmount
4195,surpass
4196,surreptitious
4197,surrogate
4198,surveillance
4199,susceptible
4200,suspend
4201,suspense
4202,sustain
4203,sustenance
4204,suture
4205,swagger
4206,swamp
4207,swarm
4208,swarthy
4209,swathe
4210,sway
4211,swear
4212,swell
4213,swelter
4214,swerve
4215,swill
4216,swindler
4217,swipe
4218,sybarite
4219,sycophant
4220,syllogism
4221,sylvan
4222,symbiosis
4223,symmetry
4224,synchronous
4225,synoptic
4226,synthesis
4227,synthetic
4228,tablet
4229,tacit
4230,taciturn
4231,tact
4232,tactful
4233,tactile
4234,taint
4235,takeoff
4236,talisman
4237,talon
4238,tan
4239,tangential
4240,tangible
4241,tanner
4242,tantalize
4243,tantamount
4244,tantrum
4245,taper
4246,tarantula
4247,tardy
4248,tarnish
4249,tarry
4250,tart
4251,tatter
4252,taunt
4253,taut
4254,tautological
4255,tawdry
4256,tawny
4257,taxonomist
4258,tedium
4259,teetotalism
4260,temerity
4261,temper
4262,temperament
4263,temperate
4264,tempestuous
4265,tempo
4266,temporal
4267,temporize
4268,tenacious
4269,tenacity
4270,tenancy
4271,tenant
4272,tend
4273,tendentious
4274,tender
4275,tenet
4276,tensile
4277,tension
4278,tentative
4279,tenuous
4280,tenure
4281,tepid
4282,terminal
4283,termination
4284,terminology
4285,terminus
4286,terrestrial
4287,terse
4288,tertiary
4289,tessellated
4290,testator
4291,testy
4292,tether
4293,thematic
4294,theocracy
4295,theoretical
4296,therapeutic
4297,thermal
4298,thesis
4299,thespian
4300,thrall
4301,thrash
4302,threadbare
4303,threat
4304,thresh
4305,thrifty
4306,thrive
4307,throb
4308,throes
4309,throng
4310,throttle
4311,thwart
4312,tickle
4313,tightwad
4314,tiller
4315,timbre
4316,timidity
4317,timorous
4318,tinge
4319,tint
4320,tipple
4321,tirade
4322,titanic
4323,tithe
4324,titillate
4325,title
4326,titter
4327,titular
4328,toady
4329,toga
4330,token
4331,toll
4332,tome
4333,tonsure
4334,topography
4335,topple
4336,torpedo
4337,torpor
4338,torque
4339,torrent
4340,torrid
4341,torso
4342,tortuous
4343,toss
4344,totem
4345,totter
4346,touching
4347,touchstone
4348,touchy
4349,tout
4350,toxic
4351,tract
4352,tractable
4353,traduce
4354,trajectory
4355,tramp
4356,trample
4357,trance
4358,tranquillity
4359,transcendent
4360,transcendental
4361,transcribe
4362,transgression
4363,transient
4364,transition
4365,transitory
4366,translucent
4367,transmute
4368,transparent
4369,transpire
4370,transport
4371,transpose
4372,trappings
4373,traumatic
4374,travail
4375,traverse
4376,travesty
4377,tread
4378,treasure
4379,treatise
4380,trek
4381,tremor
4382,tremulous
4383,trenchant
4384,trepidation
4385,tribulation
4386,tribunal
4387,tribune
4388,tribute
4389,trickle
4390,trickster
4391,trident
4392,trifle
4393,trifling
4394,trigger
4395,trilogy
4396,trim
4397,trinket
4398,trite
4399,trivia
4400,troth
4401,trough
4402,truculence
4403,truism
4404,truncate
4405,trunk
4406,tryst
4407,tumid
4408,tumult
4409,tundra
4410,turbid
4411,turbulence
4412,tureen
4413,turgid
4414,turmoil
4415,turncoat
4416,turpitude
4417,tutelage
4418,tutelary
4419,tycoon
4420,typhoon
4421,tyranny
4422,tyro
4423,ubiquitous
4424,ulcer
4425,ulterior
4426,ultimate
4427,ultimatum
4428,umbrage
4429,unaccountable
4430,unanimity
4431,unassailable
4432,unassuming
4433,unbridled
4434,uncanny
4435,unceremonious
4436,unconscionable
4437,uncouth
4438,unction
4439,unctuous
4440,underlying
4441,undermine
4442,underscore
4443,understate
4444,undertaker
4445,unearth
4446,unearthly
4447,unequivocal
4448,unerringly
4449,unexceptionable
4450,unfaltering
4451,unfeigned
4452,unfledged
4453,unfrock
4454,ungainly
4455,unguent
4456,uniformity
4457,unilateral
4458,unimpeachable
4459,uninhibited
4460,unique
4461,unison
4462,universal
4463,unkempt
4464,unmitigated
4465,unobtrusive
4466,unprecedented
4467,unprepossessing
4468,unravel
4469,unregenerate
4470,unrequited
4471,unruly
4472,unsavory
4473,unscathed
4474,unseemly
4475,unsightly
4476,unsullied
4477,untenable
4478,untoward
4479,unwarranted
4480,unwieldy
4481,unwitting
4482,unwonted
4483,upbraid
4484,upright
4485,uproar
4486,uproarious
4487,upshot
4488,urbane
4489,urchin
4490,urge
4491,urgent
4492,ursine
4493,usage
4494,usurp
4495,usury
4496,utopia
4497,uxorious
4498,vacillate
4499,vacuous
4500,vagabond
4501,vagary
4502,vagrant
4503,vain
4504,vainglorious
4505,valediction
4506,valedictory
4507,valid
4508,validate
4509,valor
4510,vampire
4511,vanguard
4512,vantage
4513,vapid
4514,vaporize
4515,variegate
4516,variegated
4517,varnish
4518,vassal
4519,veer
4520,vegetate
4521,vehement
4522,velocity
4523,venal
4524,vendetta
4525,vendor
4526,veneer
4527,venerable
4528,venerate
4529,venial
4530,venison
4531,venom
4532,vent
4533,ventilate
4534,ventral
4535,ventriloquist
4536,venture
4537,venturesome
4538,venue
4539,veracious
4540,veracity
4541,verbalize
4542,verbatim
4543,verbiage
4544,verbose
4545,verdant
4546,verdigris
4547,verge
4548,verisimilar
4549,verisimilitude
4550,veritable
4551,verity
4552,vernacular
4553,vernal
4554,versatile
4555,vertebrate
4556,vertex
4557,vertigo
4558,verve
4559,vestige
4560,veto
4561,vex
4562,viable
4563,viand
4564,vibrant
4565,vicar
4566,vicarious
4567,vicissitude
4568,victuals
4569,vie
4570,vigil
4571,vigilant
4572,vigilante
4573,vignette
4574,vigor
4575,vile
4576,vilify
4577,vindicate
4578,vindictive
4579,vintner
4580,violate
4581,viper
4582,virile
4583,virtual
4584,virtue
4585,virtuoso
4586,virulent
4587,virus
4588,visage
4589,visceral
4590,viscid
4591,viscous
4592,vise
4593,vision
4594,visionary
4595,vital
4596,vitiate
4597,vitreous
4598,vitriolic
4599,vituperative
4600,vivacious
4601,vivid
4602,vivisection
4603,vixen
4604,vociferous
4605,vogue
4606,volatile
4607,volition
4608,volley
4609,voluble
4610,voluminous
4611,voluptuous
4612,voodoo
4613,voracious
4614,vortex
4615,vouch
4616,vouchsafe
4617,voyeur
4618,vulgar
4619,vulnerable
4620,vulpine
4621,vulture
4622,wade
4623,waffle
4624,waft
4625,wag
4626,wage
4627,waggish
4628,waif
4629,waive
4630,wake
4631,wallow
4632,wan
4633,wanderlust
4634,wane
4635,wangle
4636,wanton
4637,warble
4638,ward
4639,warp
4640,warrant
4641,warranty
4642,warren
4643,wary
4644,wastrel
4645,waver
4646,wax
4647,waylay
4648,wean
4649,weary
4650,weather
4651,weird
4652,well-bred
4653,welt
4654,welter
4655,wheedle
4656,whelp
4657,whet
4658,whiff
4659,whim
4660,whimsical
4661,whimsy
4662,whine
4663,whinny
4664,whit
4665,whittle
4666,wholesome
4667,whorl
4668,wiggle
4669,willful
4670,willowy
4671,wilt
4672,wily
4673,wince
4674,windfall
4675,winnow
4676,winsome
4677,wisp
4678,wispy
4679,wistful
4680,withdrawn
4681,wither
4682,withhold
4683,withstand
4684,witless
4685,witticism
4686,wizardry
4687,wizened
4688,woe
4689,woeful
4690,wont
4691,worldly
4692,wrangle
4693,wrath
4694,wreak
4695,wrench
4696,wrest
4697,wretch
4698,wring
4699,wrinkle
4700,writ
4701,writhe
4702,wrongheaded
4703,wry
4704,xenophobia
4705,yen
4706,yeoman
4707,yield
4708,yoke
4709,yokel
4710,yore
4711,zany
4712,zeal
4713,zealot
4714,zenith
4715,zephyr
4716,zest
